CodeINSEE,Code postal,fra,bre
22046,22330,Le Mené,Ar Menez
22050,22100,Dinan,Dinan
22055,22680,Binic-Etables-sur-Mer,Binig-Staol
22084,22270,Jugon-les-Lacs Commune nouvelle,Lanyugon Kumun nevez
22093,22400,Lamballe-Armor,Lambal-Arvor
22107,22570,Bon-Repos-sur-Blavet,Berrepoz-ar-Blavezh 
22158,22530,Guerlédan,Gwerledan
22183,22210,Plémet,Plezeved
22203,22150,Ploeuc-L'Hermitage,Ploheg-Peniti 
22206,22170,Châtelaudren-Plouagat,Kastellaodren-Plagad 
22209,22650,Beaussais-sur-Mer,Bosez-Poudour 
22219,22150,Plouguenast-Langast,Plougonwaz-Lanwal
22251,22590,Pordic,Porzhig 
22264,22450,La Roche-Jaudy,Roc'h-ar-Yeodi
29003,29770,Audierne,Gwaien
29021,29890,Plounéour-Brignogan-Plages,Plouneour-Traezh-Brignogan 
29076,29290,Milizac-Guipronvel,Milizag-Gwiproñvel 
29199,29610,Plouigneau,Plouigno
29227,29246,Poullaouen,Poullaouen
29266,29410,Saint-Thégonnec Loc-Eguiner,Sant-Tegoneg-Logeginer
35004,35560,Val-Couesnon,Traoñ-Kouenon 
35060,35360,La Chapelle-du-Lou-du-Lac,Chapel-al-Loc'h
35069,35410,Châteaugiron,Kastell-Geron 
35163,35133,Luitré-Dompierre,Loezherieg-Dompêr 
35168,35330,Val-d'Anast,Traoñ-Anast
35176,35480,Guipry-Messac,Gwipri-Mezeg
35184,35360,Montauban-de-Bretagne,Menezalban
35191,35460,Les Portes du Coglais,Dorioù ar Gougleiz 
35220,35150,Piré-Chancé,Pereg-Kantieg
35257,35460,Maen Roch,Maen-Roc'h
35282,35140,Rives-du-Couesnon,Glannoù-ar-C'houenon 
35292,35460,Saint-Marc-le-Blanc,Sant-Mezar-Elvinieg
35308,35720,Mesnil-Roc'h,Mesnil-Roc'h 
44003,44150,Ancenis-Saint-Géréon,Ankiniz-Sant-Gerent
44005,44320,Chaumes-en-Retz,Kalaved-Raez 
44021,44580,Villeneuve-en-Retz,Kernevez-Raez
44029,44450,Divatte-sur-Loire,Diwazh-Liger 
44087,44270,Machecoul-Saint-Même,Machikoul-Sant-Masen 
44163,44150,Vair-sur-Loire,Gwer-Liger
44180,44540,Vallons-de-l'Erdre,Saonioù-an-Erzh
44213,44370,Loireauxence,Ligeraosant
56033,56910,Carentoir,Karantoer 
56061,56200,La Gacilly,Gazilieg
56102,56120,Forges de Lanouée,Govelioù-Lannoez
56144,56500,Evellys,Eveliz
56165,56800,Ploërmel,Ploermael 
56173,56930,Pluméliau-Bieuzy,Pluniav-Bizhui 
56197,56460,Val-d'Oust,Traoñ-an-Oud 
56251,56450,Theix-Noyalo,Teiz-Noaloù
22001,22460,Allineuc,Alineg
22002,22400,Andel,Andel
22003,22100,Aucaleuc,Oskaleg
22004,22140,Bégard,Bear
22005,22810,Belle-Isle-en-Terre,Benac'h
22006,22140,Berhet,Berc'hed (22)
22008,22100,Bobital,Bowidel
22009,22320,Le Bodéo,Bodeoù
22011,22170,Boqueho,Boskazoù
22012,22240,La Bouillie,Ar Vezvid
22013,22390,Bourbriac,Boulvriag
22014,22130,Bourseul,Boursaout
22015,22510,Bréhand,Brehant-Monkontour
22016,22870,Île-de-Bréhat,Enez-Vriad
22018,22140,Brélidy,Brelidi
22019,22170,Bringolo,Brengoloù
22020,22250,Broons,Bronn
22021,22100,Brusvily,Bruzivili
22023,22160,Bulat-Pestivien,Bulad-Pestivien
22024,22160,Calanhel,Kalanel
22025,22160,Callac,Kallag
22026,22100,Calorguen,Kerorgen
22027,22210,Le Cambout,Ar C'hembod
22028,22450,Camlez,Kamlez
22029,22480,Canihuel,Kanuhel
22030,22300,Caouënnec-Lanvézéac,Kaouenneg-Lanvezeeg
22031,22160,Carnoët,Karnoed
22032,22350,Caulnes,Kaon
22033,22530,Caurel,Kaorel
22034,22140,Cavan,Kawan
22035,22630,Les Champs-Géraux,Maez-Geraod
22036,22350,La Chapelle-Blanche,Ar Chapel-Wenn
22037,22160,La Chapelle-Neuve,Ar Chapel-Nevez (22)
22039,22210,La Chèze,Kez
22040,22970,Coadout,Koadoud
22041,22140,Coatascorn,Koadaskorn
22042,22450,Coatréven,Koatreven
22043,22210,Coëtlogon,Koedlogon
22044,22400,Coëtmieux,Koedmaeg
22045,22800,Cohiniac,Kaouennieg
22047,22320,Corlay,Korle
22048,22130,Corseul,Kersaout
22049,22130,Créhen,Krehen
22052,22160,Duault,Duaod
22053,22250,Eréac,Erieg
22054,22430,Erquy,Erge-ar-Mor
22056,22630,Evran,Evrann
22057,22290,Le Faouët,Ar Faved
22059,22800,Le Foeil,Ar Fouilh
22060,22150,Gausson,Gwalc'hion
22061,22110,Glomel,Groñvel
22062,22230,Gomené,Gouvene
22063,22290,Gommenec'h,Gouanac'h
22064,22570,Gouarec,Gwareg
22065,22290,Goudelin,Goudelin
22067,22200,Grâces,Gras-Gwengamp
22068,22460,Grâce-Uzel,Gras-Uzel
22069,22350,Guenroc,Gwenroc'h
22070,22200,Guingamp,Gwengamp
22071,22350,Guitté,Gwitei
22072,22390,Gurunhuel,Gurunuhel
22073,22320,La Harmoye,Lanhervoed
22074,22320,Le Haut-Corlay,Ar Gozh-Korle
22075,22600,Hémonstoir,Henvoustoer
22076,22550,Hénanbihen,Henant-Bihan
22077,22400,Hénansal,Henant-Sal
22079,22150,Hénon,Henon
22081,22120,Hillion,Hilion
22082,22100,Le Hinglé,An Hengleuz
22083,22230,Illifaut,Ilifav
22085,22610,Kerbors,Kerborzh
22086,22500,Kerfot,Kerfod
22087,22110,Kergrist-Moëlou,Kergrist-Moeloù
22088,22480,Kerien,Kerien-Boulvriag
22090,22450,Kermaria-Sulard,Kervaria-Sular
22091,22140,Kermoroc'h,Kervoroc'h
22092,22480,Kerpert,Kerbêr
22094,22770,Lancieux,Lanseeg
22095,22140,Landebaëron,Landebaeron
22096,22130,Landébia,Landebiav
22097,22980,La Landec,Lannandeg
22098,22400,Landéhen,Landehen
22099,22800,Lanfains,Lanfeun
22101,22450,Langoat,Langoad
22103,22490,Langrolay-sur-Rance,Langorlae
22104,22980,Languédias,Langadiarn
22105,22130,Languenan,Langenan
22106,22360,Langueux,Langaeg
22108,22290,Lanleff,Lanleñv
22109,22580,Lanloup,Sant-Loup
22110,22300,Lanmérin,Lanvilin
22111,22610,Lanmodez,Lanvaodez
22112,22290,Lannebert,Lannebeur
22113,22300,Lannion,Lannuon
22114,22250,Lanrelas,Lanrelaz
22115,22480,Lanrivain,Larruen
22116,22170,Lanrodec,Lanrodeg
22117,22410,Lantic,Lannidig
22118,22100,Lanvallay,Lanvalae
22119,22420,Lanvellec,Lanvaeleg
22121,22290,Lanvollon,Lannolon
22122,22230,Laurenan,Lanreunan
22124,22570,Lescouët-Gouarec,Leskoed-Gwareg
22126,22800,Le Leslay,Al Leslae
22127,22740,Lézardrieux,Lezardrev
22128,22340,Locarn,Lokarn
22129,22810,Loc-Envel,Lokenvel
22131,22780,Loguivy-Plougras,Logivi-Plougraz
22132,22160,Lohuec,Lohueg
22133,22230,Loscouët-sur-Meu,Loskoed-ar-Mozon
22134,22700,Louannec,Louaneg
22135,22540,Louargat,Louergad
22136,22600,Loudéac,Loudieg
22137,22340,Maël-Carhaix,Mêl-Karaez
22138,22160,Maël-Pestivien,Mael-Pestivien
22139,22480,Magoar,Magor
22140,22640,La Malhoure,Lanvelor
22141,22450,Mantallot,Mantallod
22143,22550,Matignon,Matignon
22144,22440,La Méaugon,Lanvealgon
22145,22270,Mégrit,Megrid
22146,22110,Mellionnec,Melioneg
22147,22230,Merdrignac,Medrigneg
22148,22230,Mérillac,Merelieg
22149,22460,Merléac,Merleag
22150,22200,Le Merzer,Ar Merzher(-Gwengamp)
22152,22220,Minihy-Tréguier,Ar Vinic'hi
22153,22510,Moncontour,Monkontour
22155,22600,La Motte,Ar Voudenn
22156,22200,Moustéru,Mousteruz
22157,22340,Le Moustoir,Ar Vouster
22160,22400,Noyal,Noual-Pentevr
22161,22200,Pabu,Pabu
22162,22500,Paimpol,Pempoull
22163,22340,Paule,Paoul
22164,22540,Pédernec,Pederneg
22165,22510,Penguily,Pengilli
22166,22710,Penvénan,Perwenan
22168,22700,Perros-Guirec,Perroz-Gireg
22169,22480,Peumerit-Quintin,Purid-Kintin
22170,22800,Plaine-Haute,Plenaod
22171,22940,Plaintel,Pleneventer
22172,22130,Plancoët,Plangoed
22174,22550,Pléboulle,Pleboull
22175,22270,Plédéliac,Pledeliav
22176,22960,Plédran,Pledran
22177,22290,Pléguien,Plian
22178,22290,Pléhédel,Plehedel
22179,22240,Fréhel,Frehel
22180,22980,Plélan-le-Petit,Plelann-Vihan
22181,22570,Plélauff,Pellann
22182,22170,Plélo,Pleuloc'h
22184,22150,Plémy,Plevig
22185,22640,Plénée-Jugon,Plened-Yugon
22186,22370,Pléneuf-Val-André,Pleneg-Nantraezh
22187,22190,Plérin,Plerin
22188,22170,Plerneuf,Plerneg
22189,22720,Plésidy,Plijidi
22190,22490,Pleslin-Trigavou,Plelin-Tregavoù
22193,22640,Plestan,Plestan
22194,22310,Plestin-les-Grèves,Plistin
22195,22610,Pleubian,Pleuvihan
22196,22740,Pleudaniel,Planiel
22197,22690,Pleudihen-sur-Rance,Pleudehen
22198,22560,Pleumeur-Bodou,Pleuveur-Bodoù
22199,22740,Pleumeur-Gautier,Pleuveur-Gaoter
22200,22130,Pléven,Pleven
22201,22240,Plévenon,Plevenon
22202,22340,Plévin,Plevin
22204,22260,Ploëzal,Pleuzal
22205,22130,Plorec-sur-Arguenon,Ploareg
22207,22420,Plouaret,Plouared
22208,22830,Plouasne,Plouan
22210,22620,Ploubazlanec,Plaeraneg
22211,22300,Ploubezre,Ploubêr
22212,22260,Plouëc-du-Trieux,Ploueg-Pontrev
22213,22490,Plouër-sur-Rance,Plouhern
22214,22470,Plouézec,Ploueg-ar-Mor
22215,22440,Ploufragan,Ploufragan
22216,22810,Plougonver,Plougonveur
22217,22780,Plougras,Plougraz
22218,22820,Plougrescant,Plougouskant
22220,22110,Plouguernével,Plougernevel
22221,22220,Plouguiel,Priel
22222,22580,Plouha,Plouha
22223,22200,Plouisy,Plouizi
22224,22300,Ploulec'h,Ploulec'h
22225,22970,Ploumagoar,Plouvagor
22226,22300,Ploumilliau,Plouilio
22227,22780,Plounérin,Plounerin
22228,22810,Plounévez-Moëdec,Plounevez-Moedeg
22229,22110,Plounévez-Quintin,Plounevez-Kintin
22231,22160,Plourac'h,Plourac'h
22232,22410,Plourhan,Plourc'han
22233,22860,Plourivo,Plourivoù
22234,22170,Plouvara,Plouvara
22235,22420,Plouzélambre,Plouzelambr
22236,22290,Pludual,Plua
22237,22130,Pluduno,Pludunoù
22238,22310,Plufur,Plufur
22239,22350,Plumaudan,Pluvaodan
22240,22250,Plumaugat,Pluvaelgad
22241,22210,Plumieux,Pluvaeg
22242,22240,Plurien,Plurien
22243,22160,Plusquellec,Pluskelleg
22244,22320,Plussulien,Plusulian
22245,22140,Pluzunet,Plûned
22246,22120,Pommeret,Peuñvrid
22248,22200,Pommerit-le-Vicomte,Pañvrid-ar-Beskont
22249,22390,Pont-Melvez,Pont-Melvez
22250,22260,Pontrieux,Pontrev
22254,22140,Prat,Prad
22255,22210,La Prénessaye,Perenezeg
22256,22260,Quemper-Guézennec,Kemper-Gwezhenneg
22257,22450,Quemperven,Kemperven
22258,22120,Quessoy,Kesoue
22259,22100,Quévert,Kever
22260,22460,Le Quillio,Ar C'hillioù
22261,22400,Quintenic,Kistenid
22262,22800,Quintin,Kintin
22263,22630,Le Quiou,Ar C'haeoù
22265,22300,Rospez,Rospezh
22266,22110,Rostrenen,Rostrenenn
22267,22250,Rouillac,Rioleg
22268,22550,Ruca,Ruskad
22269,22260,Runan,Runan
22271,22390,Saint-Adrien,Sant-Rien
22272,22200,Saint-Agathon,Sant-Eganton
22273,22400,Saint-Alban,Sant-Alvan
22274,22630,Saint-André-des-Eaux,Sant-Andrev-an-Dour
22275,22600,Saint-Barnabé,Sant-Barnev
22276,22800,Saint-Bihy,Sant-Bic'hi
22277,22800,Saint-Brandan,Sant-Vedan
22278,22000,Saint-Brieuc,Sant-Brieg
22279,22600,Saint-Caradec,Sant-Karadeg
22280,22100,Saint-Carné,Sant-Karneg
22281,22150,Saint-Carreuc,Sant-Kareg
22282,22380,Saint-Cast-le-Guildo,Sant-Kast-ar-Gwildoù
22283,22260,Saint-Clet,Sant-Kleve
22284,22480,Saint-Connan,Sant-Konan
22285,22530,Saint-Connec,Sant-Koneg
22286,22400,Saint-Denoual,Sant-Denwal
22287,22800,Saint-Donan,Sant-Donan
22288,22210,Saint-Etienne-du-Gué-de-l'Isle,Sant-Stefan-ar-Roudouz
22289,22720,Saint-Fiacre,Sant-Fieg
22291,22800,Saint-Gildas,Sant-Weltaz
22293,22290,Saint-Gilles-les-Bois,Sant-Jili-ar-C'hoad
22294,22480,Saint-Gilles-Pligeaux,Sant-Jili-Plijo
22295,22530,Saint-Gilles-Vieux-Marché,Sant-Jili-ar-C'hozhvarc'had
22296,22510,Saint-Glen,Sant-Glenn
22299,22100,Saint-Hélen,Sant-Haelen
22300,22460,Saint-Hervé,Sant-Herve
22302,22750,Saint-Jacut-de-la-Mer,Sant-Yagu-an-Enez
22304,22170,Saint-Jean-Kerdaniel,Sant-Yann-Gerdaniel
22305,22350,Saint-Jouan-de-l'Isle,Sant-Yowan-an-Enez
22306,22630,Saint-Judoce,Sant-Yuzeg
22307,22940,Saint-Julien,Sant-Juluan-Pentevr
22308,22630,Saint-Juvat,Sant-Yuvad
22309,22230,Saint-Launeuc,Sant-Laoueneg
22310,22140,Saint-Laurent,Sant-Laorañs
22311,22130,Saint-Lormel,Sant-Loheñvel
22312,22350,Saint-Maden,Sant-Maden
22313,22320,Saint-Martin-des-Prés,Sant-Varzhin-Korle
22314,22600,Saint-Maudan,Sant-Maodan
22315,22980,Saint-Maudez,Sant-Maodez
22316,22320,Saint-Mayeux,Sant-Vaeg
22317,22980,Saint-Méloir-des-Bois,Sant-Melar-ar-C'hoad
22318,22980,Saint-Michel-de-Plélan,Sant-Mikael-Plelann
22319,22300,Saint-Michel-en-Grève,Lokmikael-an-Traezh
22320,22160,Saint-Nicodème,Sant-Nigouden
22321,22480,Saint-Nicolas-du-Pélem,Sant-Nikolaz-ar-Pelem
22322,22720,Saint-Péver,Sant-Pever
22323,22550,Saint-Pôtan,Sant-Postan
22324,22700,Saint-Quay-Perros,Sant-Ke-Perroz
22325,22410,Saint-Quay-Portrieux,Sant-Ke-Porzh-Olued
22326,22270,Saint-Rieul,Sant-Rieg
22327,22100,Saint-Samson-sur-Rance,Sant-Samzun
22328,22160,Saint-Servais,Sant-Servez-Kallag
22330,22460,Saint-Thélo,Sant-Teliav
22331,22480,Sainte-Tréphine,Sant-Trifin
22332,22510,Saint-Trimoël,Sant-Rivoued
22333,22230,Saint-Vran,Sant-Vran
22334,22570,Saint-Igeaux,Sant-Ijo
22335,22720,Senven-Léhart,Senven-Lehard
22337,22250,Sévignac,Sevinieg
22338,22200,Squiffiec,Skiñvieg
22339,22100,Taden,Taden
22340,22140,Tonquédec,Tonkedeg
22341,22640,Tramain,Tremaen
22342,22980,Trébédan,Trebêran
22343,22560,Trébeurden,Trebeurden
22344,22340,Trébrivan,Trabrivan
22345,22510,Trébry,Trebrid
22346,22510,Trédaniel,Trezeniel
22347,22220,Trédarzec,Tredarzeg
22348,22250,Trédias,Trediarn
22349,22300,Trédrez-Locquémeau,Tredraezh-Lokemo
22350,22310,Tréduder,Treduder
22351,22340,Treffrin,Trefrin
22352,22630,Tréfumel,Trefermael
22353,22730,Trégastel,Tregastell
22354,22540,Tréglamus,Treglañviz
22356,22590,Trégomeur,Tregonveur
22358,22200,Trégonneau,Tregonev
22359,22420,Trégrom,Tregrom
22360,22950,Trégueux,Tregaeg
22361,22290,Tréguidel,Tregedel
22362,22220,Tréguier,Landreger
22363,22660,Trélévern,Trelêvern
22364,22100,Trélivan,Trelivan
22365,22110,Trémargat,Tremargad
22366,22310,Trémel,Tremael
22368,22490,Tréméreuc,Tremereg
22369,22250,Trémeur,Treveur
22370,22290,Tréméven,Tremeven-Goueloù
22371,22230,Trémorel,Tremorae
22372,22440,Trémuson,Tremuzon
22373,22340,Tréogan,Treogan
22375,22290,Tressignaux,Tresigne
22376,22600,Trévé,Treve
22377,22410,Tréveneuc,Treveneg
22378,22290,Trévérec,Trevereg
22379,22660,Trévou-Tréguignec,An Trevoù
22380,22100,Trévron,Treveron
22381,22450,Trézény,Trezeni
22383,22450,Troguéry,Trogeri
22384,22460,Uzel,Uzel
22385,22690,La Vicomté-sur-Rance,Kerveskont
22386,22800,Le Vieux-Bourg,Bourc'h-Kintin
22387,22420,Le Vieux-Marché,Ar C'houerc'had
22388,22980,Vildé-Guingalan,Gwilde-Gwengalon
22389,22120,Yffiniac,Ilfinieg
22390,22930,Yvias,Eviaz
22391,22350,Yvignac-la-Tour,Ivinieg
29001,29560,Argol,Argol
29002,29300,Arzano,An Arzhanaou
29004,29380,Bannalec,Banaleg
29005,29300,Baye,Bei
29006,29950,Bénodet,Benoded
29007,29690,Berrien,Berrien
29008,29790,Beuzec-Cap-Sizun,Beuzeg-ar-C'hab
29010,29400,Bodilis,Bodiliz
29011,29820,Bohars,Boc'harzh
29012,29640,Bolazec,Bolazeg
29013,29690,Botmeur,Boneur
29014,29650,Botsorhel,Bodsorc'hel
29015,29860,Bourg-Blanc,Ar Vourc'h-Wenn
29016,29190,Brasparts,Brasparzh
29017,29810,Brélès,Brelez
29018,29690,Brennilis,Brenniliz
29019,29200,Brest,Brest
29020,29510,Briec,Brieg
29022,29570,Camaret-sur-Mer,Kameled
29023,29660,Carantec,Karanteg
29024,29270,Carhaix-Plouguer,Karaez-Plougêr
29025,29150,Cast,Kast
29026,29150,Châteaulin,Kastellin
29027,29520,Châteauneuf-du-Faou,Kastell-Nevez-ar-Faou
29028,29770,Cléden-Cap-Sizun,Kledenn-ar-C'hab
29029,29270,Cléden-Poher,Kledenn-Poc'hêr
29030,29233,Cléder,Kleder
29031,29360,Clohars-Carnoët,Kloar-Karnoed
29032,29950,Clohars-Fouesnant,Kloar-Fouenant
29033,29190,Le Cloître-Pleyben,Kloastr-Pleiben
29034,29410,Le Cloître-Saint-Thégonnec,Ar C'hloastr-Plourin
29035,29870,Coat-Méal,Koz-Meal
29036,29530,Collorec,Koloreg
29037,29120,Combrit,Kombrid
29038,29450,Commana,Kommanna
29039,29900,Concarneau,Konk-Kerne
29040,29217,Le Conquet,Konk-Leon
29041,29370,Coray,Kore
29042,29160,Crozon,Kraozon
29043,29460,Daoulas,Daoulaz
29044,29150,Dinéault,Dineol
29045,29460,Dirinon,Dirinonn
29046,29100,Douarnenez,Douarnenez
29047,29860,Le Drennec,An Dreneg
29048,29510,Edern,Edern
29049,29370,Elliant,Eliant
29051,29500,Ergué-Gabéric,An Erge-Vras
29053,29580,Le Faou,Ar Faou
29054,29690,La Feuillée,Ar Fouilhez
29055,29260,Le Folgoët,Ar Folgoad
29056,29800,La Forest-Landerneau,Ar Forest-Landerne
29057,29940,La Forêt-Fouesnant,Ar Forest-Fouenant
29058,29170,Fouesnant,Fouenant
29059,29610,Garlan,Garlann
29060,29950,Gouesnach,Gouenac'h
29061,29850,Gouesnou,Gouenoù
29062,29190,Gouézec,Gouezeg
29063,29770,Goulien,Goulien
29064,29890,Goulven,Goulc'hen
29065,29710,Gourlizon,Gourlizon
29066,29180,Guengat,Gwengad
29067,29650,Guerlesquin,Gwerliskin
29068,29410,Guiclan,Gwiglann
29069,29820,Guilers,Gwiler-Leon
29070,29710,Guiler-sur-Goyen,Gwiler-Kerne
29071,29300,Guilligomarc'h,Gwelegouarc'h
29072,29730,Le Guilvinec,Ar Gelveneg
29073,29620,Guimaëc,Gwimaeg
29074,29400,Guimiliau,Gwimilio
29075,29490,Guipavas,Gwipavaz
29077,29249,Guissény,Gwiseni
29078,29460,Hanvec,Hañveg
29079,29670,Henvic,Henvig
29080,29460,Hôpital-Camfrout,An Ospital
29081,29690,Huelgoat,An Uhelgoad
29082,29253,Île-de-Batz,Enez-Vaz
29083,29990,Île-de-Sein,Enez-Sun
29084,29259,Île-Molène,Molenez
29085,29980,Île-Tudy,Enez-Tudi
29086,29460,Irvillac,Irvilhag
29087,29100,Le Juch,Ar Yeuc'h
29089,29270,Kergloff,Kerglof
29090,29100,Kerlaz,Kerlaz
29091,29890,Kerlouan,Kerlouan
29093,29260,Kernilis,Kerniliz
29094,29260,Kernouës,Kernouez
29095,29860,Kersaint-Plabennec,Kersent-Plabenneg
29097,29400,Lampaul-Guimiliau,Lambaol-Gwimilio
29098,29810,Lampaul-Plouarzel,Lambaol-Blouarzhel
29099,29830,Lampaul-Ploudalmézeau,Lambaol-Gwitalmeze
29100,29260,Lanarvily,Lannarvili
29101,29870,Landéda,Landeda
29102,29530,Landeleau,Landelo
29103,29800,Landerneau,Landerne
29104,29560,Landévennec,Landevenneg
29105,29400,Landivisiau,Landivizio
29106,29510,Landrévarzec,Landrevarzeg
29107,29510,Landudal,Landudal
29108,29710,Landudec,Landudeg
29109,29840,Landunvez,Landunvez
29110,29510,Langolen,Langolen
29111,29430,Lanhouarneau,Lanhouarne
29112,29840,Lanildut,Lannildud
29113,29620,Lanmeur,Lanneur
29114,29640,Lannéanou,Lanneanoù
29115,29190,Lannédern,Lannedern
29116,29400,Lanneuffret,Lanneured
29117,29870,Lannilis,Lanniliz
29119,29290,Lanrivoaré,Lañriware
29120,29160,Lanvéoc,Lañveog
29122,29520,Laz,Laz
29123,29190,Lennon,Lennon
29124,29260,Lesneven,Lesneven
29125,29390,Leuhan,Leuc'han
29126,29260,Loc-Brévalaire,Loprevaler
29128,29400,Loc-Eguiner,Logeginer-Plouziri
29130,29280,Locmaria-Plouzané,Lokmaria-Plouzane
29131,29400,Locmélar,Lokmelar
29132,29670,Locquénolé,Lokenole
29133,29241,Locquirec,Lokireg
29134,29180,Locronan,Lokorn
29135,29750,Loctudy,Loktudi
29136,29310,Locunolé,Lokunole
29137,29460,Logonna-Daoulas,Logonna-Daoulaz
29139,29590,Lopérec,Lopereg
29140,29470,Loperhet,Loperc'hed
29141,29530,Loqueffret,Lokeored
29142,29190,Lothey,Lotei
29143,29790,Mahalon,Mahalon
29144,29800,La Martyre,Ar Merzher(-Salaun)
29145,29790,Confort-Meilars,Koñforzh-Meilar
29146,29140,Melgven,Mêlwenn
29147,29300,Mellac,Mellag
29148,29420,Mespaul,Mespaol
29150,29350,Moëlan-sur-Mer,Molan
29151,29600,Morlaix,Montroulez
29152,29270,Motreff,Motrev
29153,29920,Névez,Nevez
29155,29242,Ouessant,Eusa
29156,29800,Pencran,Penn-ar-C'hrann
29158,29760,Penmarc'h,Penmarc'h
29159,29710,Peumerit,Purid
29160,29860,Plabennec,Plabenneg
29161,29170,Pleuven,Pluwenn
29162,29190,Pleyben,Pleiben
29163,29410,Pleyber-Christ,Pleiber-Krist
29165,29740,Plobannalec-Lesconil,Pornaleg-Leskonil
29166,29550,Ploéven,Ploeven
29167,29710,Plogastel-Saint-Germain,Plogastell-Sant-Jermen
29168,29770,Plogoff,Plougoñ
29169,29180,Plogonnec,Plogoneg
29170,29700,Plomelin,Ploveilh
29171,29120,Plomeur,Ploveur
29172,29550,Plomodiern,Ploudiern
29173,29710,Plonéis,Ploneiz
29174,29720,Plonéour-Lanvern,Ploneour-Lanwern
29175,29530,Plonévez-du-Faou,Plonevez-ar-Faou
29176,29550,Plonévez-Porzay,Plonevez-Porzhe
29177,29810,Plouarzel,Plouarzhel
29178,29830,Ploudalmézeau,Gwitalmeze
29179,29260,Ploudaniel,Plouzeniel
29180,29800,Ploudiry,Plouziri
29181,29800,Plouédern,Plouedern
29182,29620,Plouégat-Guérand,Plegad-Gwerann
29183,29650,Plouégat-Moysan,Plegad-Moezan
29184,29420,Plouénan,Plouenan
29185,29430,Plouescat,Ploueskad
29186,29252,Plouezoc'h,Plouezoc'h
29187,29440,Plougar,Gwikar
29188,29630,Plougasnou,Plouganoù
29189,29470,Plougastel-Daoulas,Plougastell-Daoulaz
29190,29217,Plougonvelin,Plougonvelen
29191,29640,Plougonven,Plougonven
29192,29250,Plougoulm,Plougouloum
29193,29400,Plougourvest,Gwikourvest
29195,29880,Plouguerneau,Plougerne
29196,29830,Plouguin,Plougin
29197,29780,Plouhinec,Ploeneg
29198,29260,Plouider,Plouider
29201,29810,Ploumoguer,Plonger
29202,29410,Plounéour-Ménez,Plouneour-Menez
29204,29400,Plounéventer,Gwineventer
29205,29270,Plounévézel,Plonevell
29206,29430,Plounévez-Lochrist,Gwinevez
29207,29600,Plourin-lès-Morlaix,Plourin-Montroulez
29208,29830,Plourin,Plourin-Gwitalmeze
29209,29860,Plouvien,Plouvien
29210,29420,Plouvorn,Plouvorn
29211,29690,Plouyé,Plouie
29212,29280,Plouzané,Plouzane
29213,29440,Plouzévédé,Gwitevede
29214,29720,Plovan,Plovan
29215,29710,Plozévet,Plozeved
29216,29700,Pluguffan,Pluguen
29217,29930,Pont-Aven,Pont-Aven
29218,29790,Pont-Croix,Pontekroaz
29220,29120,Pont-L'Abbé,Pont-'n-Abad
29221,29840,Porspoder,Porspoder
29222,29150,Port-Launay,Meilh-ar-Wern
29224,29100,Pouldergat,Pouldregad
29225,29710,Pouldreuzic,Pouldreuzig
29226,29100,Poullan-sur-Mer,Poullann
29228,29770,Primelin,Prevel
29229,29180,Quéménéven,Kemeneven
29230,29310,Querrien,Kerien
29232,29000,Quimper,Kemper
29233,29300,Quimperlé,Kemperle
29234,29300,Rédené,Redene
29235,29480,Le Relecq-Kerhuon,Ar Releg-Kerhuon
29236,29340,Riec-sur-Bélon,Rieg
29237,29800,La Roche-Maurice,Ar Roc'h-Morvan
29238,29570,Roscanvel,Roskañvel
29239,29680,Roscoff,Rosko
29240,29580,Rosnoën,Rosloc'hen
29241,29140,Rosporden,Rosporden
29243,29150,Saint-Coulitz,Sant-Kouled
29244,29440,Saint-Derrien,Sant-Derc'hen
29245,29800,Saint-Divy,Sant-Divi
29246,29460,Saint-Eloy,Sant-Alar
29247,29170,Saint-Evarzec,Sant-Evarzeg
29248,29260,Saint-Frégant,Sant-Fregan
29249,29520,Saint-Goazec,Sant-Wazeg
29250,29270,Saint-Hernin,Sant-Hern
29251,29630,Saint-Jean-du-Doigt,Sant-Yann-ar-Biz
29252,29120,Saint-Jean-Trolimon,Sant-Yann-Drolimon
29254,29600,Saint-Martin-des-Champs,Sant-Martin-war-ar-Maez
29255,29260,Saint-Méen,Sant-Neven
29256,29550,Saint-Nic,Sant-Vig
29257,29830,Saint-Pabu,Sant-Pabu
29259,29250,Saint-Pol-de-Léon,Kastell-Paol
29260,29290,Saint-Renan,Lokournan
29261,29190,Saint-Rivoal,Sant-Riwal
29262,29400,Saint-Sauveur,An Dre-Nevez
29263,29590,Saint-Ségal,Sant-Segal
29264,29400,Saint-Servais,Sant-Servez(-Landivizio)
29265,29600,Sainte-Sève,Sant-Seo
29267,29520,Saint-Thois,Santoz
29268,29800,Saint-Thonan,Sant-Tonan
29269,29380,Saint-Thurien,Sant-Turian
29270,29800,Saint-Urbain,Lannurvan
29271,29440,Saint-Vougay,Sant-Nouga
29272,29140,Saint-Yvi,Sant-Ivi
29273,29250,Santec,Santeg
29274,29390,Scaër,Skaer
29275,29640,Scrignac,Skrigneg
29276,29250,Sibiril,Sibirill
29277,29450,Sizun,Sizun
29278,29540,Spézet,Speied
29279,29670,Taulé,Taole
29280,29560,Telgruc-sur-Mer,Terrug
29281,29140,Tourc'h,Tourc'h
29282,29217,Trébabu,Trebabu
29284,29730,Treffiagat,Triagad
29285,29440,Tréflaouénan,Trelaouenan
29286,29800,Tréflévénez,Trelevenez
29287,29430,Tréflez,Trelez
29288,29260,Trégarantec,Tregaranteg
29289,29560,Trégarvan,Tregarvan
29290,29870,Tréglonou,Treglonoù
29291,29970,Trégourez,Tregourez
29292,29720,Tréguennec,Tregeneg
29293,29910,Trégunc,Tregon
29294,29450,Le Tréhou,An Treoù-Leon
29295,29800,Trémaouézan,Tremaouezan
29296,29120,Tréméoc,Tremeog
29297,29300,Tréméven,Tremeven(-Kemperle)
29298,29720,Tréogat,Trêgad
29299,29290,Tréouergat,Treouergad
29300,29380,Le Trévoux,An Treoù-Kerne
29301,29440,Trézilidé,Trezilide
29302,29590,Pont-de-Buis-lès-Quimerc'h,Pont-ar-Veuzenn-Kimerc'h
35001,35690,Acigné,Egineg
35002,35150,Amanlis,Amanliz
35003,35250,Andouillé-Neuville,Andolieg-Kernevez
35005,35130,Arbrissel,Ervrezhell
35006,35370,Argentré-du-Plessis,Argantred-ar-Genkiz
35007,35250,Aubigné,Elvinieg
35008,35130,Availles-sur-Seiche,Avallod-ar-Sec'h
35009,35120,Baguer-Morvan,Bagar-Morvan
35010,35120,Baguer-Pican,Bagar-Bihan
35012,35470,Bain-de-Bretagne,Baen-Veur
35013,35600,Bains-sur-Oust,Baen-Ballon
35014,35680,Bais,Baez
35015,35500,Balazé,Belezeg
35016,35580,Baulon,Beloen
35017,35190,La Baussaine,Baosan
35018,35420,La Bazouge-du-Désert,Bazeleg-an-Dezerzh
35019,35560,Bazouges-la-Pérouse,Bazeleg-ar-Veineg
35021,35133,Beaucé,Belzeg
35022,35190,Bécherel,Begerel
35023,35137,Bédée,Bezeg
35024,35830,Betton,Lanvezhon
35025,35133,Billé,Bilieg
35026,35750,Bléruais,Blerwaz
35027,35360,Boisgervilly,Koad-Yarnvili
35028,35150,Boistrudan,Koetruzan
35029,35270,Bonnemain,Bonmaen
35030,35320,La Bosse-de-Bretagne,Bosenn
35031,35340,La Bouëxière,Beuzid-ar-C'hoadoù
35032,35230,Bourgbarré,Bourvarred
35033,35890,Bourg-des-Comptes,Gwikomm
35034,35120,La Boussac,Labouseg
35035,35330,Bovel,Bovel
35037,35310,Bréal-sous-Montfort,Breal-Moñforzh
35038,35370,Bréal-sous-Vitré,Breal-Gwitreg
35039,35530,Brécé,Brec'heg
35040,35160,Breteil,Brezhiel
35041,35150,Brie,Brev
35042,35370,Brielles,Brielloù
35044,35120,Broualan,Broualan
35045,35550,Bruc-sur-Aff,Brug
35046,35330,Les Brulais,Ar Brugeier
35047,35170,Bruz,Bruz
35049,35260,Cancale,Kankaven
35050,35190,Cardroc,Kerdreg
35051,35510,Cesson-Sévigné,Saozon-Sevigneg
35052,35500,Champeaux,Kampal
35054,35150,Chanteloup,Kantlou
35055,35135,Chantepie,Kantpig
35056,35190,La Chapelle-aux-Filtzméens,Chapel-Hilveven
35057,35330,La Chapelle-Bouëxic,Chapel-ar-Veuzid
35058,35630,La Chapelle-Chaussée,Chapel-ar-Galc'hed
35059,35520,La Chapelle-des-Fougeretz,Chapel-Felgeriz
35061,35500,La Chapelle-Erbrée,Ar Chapel-Ervoreg
35062,35133,La Chapelle-Janson,Chapel-Yent
35063,35140,La Chapelle-Saint-Aubert,Chapel-Sant-Alverzh
35064,35660,La Chapelle-de-Brain,Chapel-Braen
35065,35590,La Chapelle-Thouarault,Bredual
35066,35131,Chartres-de-Bretagne,Karnod
35067,35250,Chasné-sur-Illet,Kadeneg
35068,35220,Châteaubourg,Kastell-Bourc'h
35070,35430,Châteauneuf-d'Ille-et-Vilaine,Kastell-Noez
35071,35133,Le Châtellier,Kasteller
35072,35210,Châtillon-en-Vendelais,Kastellan-Gwennel
35075,35490,Chauvigné,Kelvinieg
35076,35310,Chavagne,Kavan
35077,35640,Chelun,Kelon
35078,35120,Cherrueix,Kerruer
35079,35250,Chevaigné,Kavaneg
35080,35310,Cintré,Kentreg
35081,35590,Clayes,Kloued
35082,35134,Coësmes,Koem
35084,35330,Comblessac,Kamlec'hieg
35085,35270,Combourg,Komborn
35086,35210,Combourtillé,Komorzhel
35087,35500,Cornillé,Kornilieg
35088,35150,Corps-Nuds,Kornuz
35089,35320,La Couyère,Ar Gouer
35090,35320,Crevin,Kreven
35091,35290,Le Crouais,Ar Groez
35092,35270,Cuguen,Kugenn
35093,35800,Dinard,Dinarzh
35094,35440,Dingé,Dingad
35095,35120,Dol-de-Bretagne,Dol
35096,35113,Domagné,Dovanieg
35097,35680,Domalain,Domalan
35098,35390,La Dominelais,Doveneleg
35099,35410,Domloup,Domloup
35101,35450,Dourdain,Dourdan
35102,35130,Drouges,Drougez
35103,35640,Eancé,Aentieg
35104,35120,Epiniac,Sperneg
35105,35500,Erbrée,Ervored
35106,35620,Ercé-en-Lamée,Herzieg-Mez
35107,35340,Ercé-près-Liffré,Herzieg-Liverieg
35108,35150,Essé,Ezieg
35109,35370,Etrelles,Stredell
35110,35440,Feins,Finioù
35111,35420,Le Ferré,Ferred
35112,35133,Fleurigné,Flurinieg
35114,35640,Forges-la-Forêt,Govelioù-ar-C'hoad
35115,35300,Fougères,Felger
35116,35111,La Fresnais,An Onneg
35117,35290,Gaël,Gwazel
35118,35490,Gahard,Gwaharzh
35119,35370,Gennes-sur-Seiche,Gen
35120,35850,Gévezé,Gevrezeg
35121,35140,Gosné,Goneg
35122,35350,La Gouesnière,Gouenaer
35123,35580,Goven,Goven
35124,35390,Grand-Fougeray,Felgerieg-Veur
35125,35130,La Guerche-de-Bretagne,Gwerc'h-Breizh
35126,35580,Guichen,Gwizien
35127,35580,Guignen,Gwinien
35128,35440,Guipel,Gwipedel
35130,35630,Hédé-Bazouges,Hazhoù-Bazeleg
35131,35590,L'Hermitage,Ar Peniti
35132,35120,Hirel,Hirel
35133,35750,Iffendic,Ilfentig
35134,35630,Les,IffsAn Ivineg
35135,35850,Irodouër,Irodouer
35136,35150,Janzé,Gentieg
35137,35133,Javené,Yaoueneg
35138,35133,Laignelet,Kernoanig
35139,35890,Laillé,Lalieg
35140,35320,Lalleu,An Alloz
35141,35450,Landavran,Landavran
35142,35133,Landéan,Landean
35143,35360,Landujan,Landujan
35144,35850,Langan,Langan
35145,35660,Langon,Landegon
35146,35630,Langouet,Langoed
35148,35270,Lanrigan,Lanrigan
35149,35580,Lassy,Lazig
35150,35133,Lécousse,Eskuz
35151,35550,Lieuron,Luzron
35152,35340,Liffré,Liverieg
35153,35111,Lillemer,Enez-Veur
35154,35450,Livré-sur-Changeon,Liverieg-Kenton
35155,35550,Lohéac,Lohieg
35156,35190,Longaulnay,Hirwerneg
35157,35133,Le Loroux,Lavreer-an-Dezerzh
35159,35270,Lourmais,An Oulmeg
35160,35330,Loutehel,Loutehel
35161,35680,Louvigné-de-Bais,Louvigneg-Baez
35162,35420,Louvigné-du-Désert,Louvigneg-an-Dezerzh
35164,35560,Marcillé-Raoul,Marc'helleg-Raoul
35165,35240,Marcillé-Robert,Marc'helleg-Roperzh
35166,35220,Marpiré,Marbereg
35167,35640,Martigné-Ferchaud,Marzhinieg-Houarnruz
35169,35380,Maxent,Skirioù-Masen
35170,35450,Mecé,Mezieg
35171,35360,Médréac,Mederieg
35172,35270,Meillac,Melieg
35173,35520,Melesse,Meled
35174,35420,Mellé,Melleg
35175,35330,Mernel,Merenell
35177,35520,La Mézière,Magoer
35178,35140,Mézières-sur-Couesnon,Magoerioù-ar-C'houenon
35179,35540,Miniac-Morvan,Minieg-Morvan
35180,35190,Miniac-sous-Bécherel,Minieg-Begerel
35181,35870,Le,Minihic-sur-RanceMinic'hi-Poudour
35183,35370,Mondevert,Mondeverzh
35185,35210,Montautour,Menezaoter
35186,35120,Mont-Dol,Menez-Dol
35187,35160,Monterfil,Mousterfil
35188,35160,Montfort-sur-Meu,Moñforzh
35189,35760,Montgermont,Menezgervant
35190,35420,Monthault,Brennaod
35192,35210,Montreuil-des-Landes,Mousterel-al-Lann
35193,35520,Montreuil-le-Gast,Mousterel-ar-Gwast
35194,35500,Montreuil-sous-Pérouse,Mousterel-ar-Veineg
35195,35440,Montreuil-sur-Ille,Mousterel-an-Il
35196,35310,Mordelles,Morzhell
35197,35250,Mouazé,Moezeg
35198,35680,Moulins,Melined
35199,35130,Moussé,Moc'heg
35200,35130,Moutiers,Mousterioù
35201,35290,Muel,Moel
35202,35470,La Noë-Blanche,Ar Wazh-Wenn
35203,35137,La Nouaye,Lanwaz
35204,35410,Nouvoitou,Neveztell
35205,35560,Noyal-sous-Bazouges,Noal-Bazeleg
35206,35230,Noyal-Châtillon-sur-Seiche,Noal-Kastellan
35207,35530,Noyal-sur-Vilaine,Noal-ar-Gwilen
35208,35230,Orgères,An Heizeg
35210,35740,Pacé,Pazieg
35211,35380,Paimpont,Pempont
35212,35320,Pancé,Pantieg
35214,35210,Parcé,Parzieg
35215,35133,Parigné,Parinieg
35216,35850,Parthenay-de-Bretagne,Parzheneg
35217,35370,Le Pertre,Ar Perzh
35218,35320,Le Petit-Fougeray,Felgerieg-Vihan
35219,35550,Pipriac,Presperieg
35221,35470,Pléchâtel,Plegastell
35222,35610,Pleine-Fougères,Planfili
35223,35380,Plélan-le-Grand,Plelann-Veur
35224,35540,Plerguer,Plergar
35225,35720,Plesder,Pleder
35226,35720,Pleugueneuc,Plegeneg
35227,35137,Pleumeleuc,Pleveleg
35228,35730,Pleurtuit,Pleurestud
35229,35500,Pocé-les-Bois,Pozieg
35230,35420,Poilley,Polieg
35231,35320,Poligné,Polinieg
35232,35210,Princé,Priskieg
35233,35190,Québriac,Kevrieg
35234,35290,Quédillac,Kedilieg
35235,35130,Rannée,Radenez
35236,35600,Redon,Redon
35237,35660,Renac,Ranneg
35238,35000,Rennes,Roazhon
35239,35240,Retiers,Rester
35240,35650,Le Rheu,Reuz
35241,35780,La Richardais,Kerricharzh-an-Arvor
35242,35560,Rimou,Rivoù
35243,35133,Romagné,Rovenieg
35244,35490,Romazy,Rovazil
35245,35850,Romillé,Rovelieg
35246,35120,Roz-Landrieux,Roz-Lanrieg
35247,35610,Roz-sur-Couesnon,Roz-an-Arvor
35248,35610,Sains,Sent
35249,35390,Sainte-Anne-sur-Vilaine,Santez-Anna-ar-Gwilen
35250,35230,Saint-Armel,Sant-Armael-ar-Gilli
35251,35250,Saint-Aubin-d'Aubigné,Sant-Albin-Elvinieg
35252,35500,Saint-Aubin-des-Landes,Sant-Albin-al-Lann
35253,35140,Saint-Aubin-du-Cormier,Sant-Albin-an-Hiliber
35255,35114,Saint-Benoît-des-Ondes,Lanwezoù
35256,35800,Saint-Briac-sur-Mer,Sant-Briag
35258,35630,Saint-Brieuc-des-Iffs,Sant-Brieg-an-Ivineg
35259,35120,Saint-Broladre,Sant-Brewalaer
35260,35210,Saint-Christophe-des-Bois,Sant-Kristol-ar-C'hoad
35261,35140,Saint-Christophe-de-Valains,Sant-Kristol-Gwalen
35262,35134,Sainte-Colombe,Santez-Koulm
35263,35350,Saint-Coulomb,Sant-Kouloum
35264,35220,Saint-Didier,Sant-Ider
35265,35190,Saint-Domineuc,Landoveneg
35266,35230,Saint-Erblon,Sant-Ervlon-an-Dezerzh
35268,35550,Saint-Ganton,Sant-Weganton
35270,35610,Saint-Georges-de-Gréhaigne,Sant-Jord-Grehan
35271,35420,Saint-Georges-de-Reintembault,Sant-Jord-Restembaod
35272,35370,Saint-Germain-du-Pinel,Sant-Jermen-ar-Bineg
35273,35133,Saint-Germain-en-Coglès,Sant-Jermen-Gougleiz
35274,35250,Saint-Germain-sur-Ille,Sant-Jermen-an-Il
35275,35590,Saint-Gilles,Sant-Jili-Roazhon
35276,35630,Saint-Gondran,Sant-Gondran
35277,35750,Saint-Gonlay,Sant-Gonlei
35278,35760,Saint-Grégoire,Sant-Gregor
35279,35430,Saint-Guinoux,Sant-Gwênoù
35280,35140,Saint-Hilaire-des-Landes,Sant-Eler-al-Lann
35281,35136,Saint-Jacques-de-la-Lande,Sant-Jakez-al-Lann
35283,35220,Saint-Jean-sur-Vilaine,Sant-Yann-ar-Gwilen
35284,35430,Saint-Jouan-des-Guérets,Sant-Yowan-an-Havreg
35285,35550,Saint-Just,Sant-Yust
35286,35270,Saint-Léger-des-Prés,Sant-Lezer-ar-Pradeier
35287,35800,Saint-Lunaire,Sant-Luner
35288,35400,Saint-Malo,Sant-Maloù
35289,35480,Saint-Malo-de-Phily,Sant-Maloù-Fili
35290,35750,Saint-Malon-sur-Mel,Sant-Malon
35291,35120,Saint-Marcan,Sant-Marc'han
35294,35600,Sainte-Marie,Lokmaria-Redon
35295,35750,Saint-Maugan,Sant-Malgant
35296,35250,Saint-Médard-sur-Ille,Sant-Marzh-an-Il
35297,35290,Saint-Méen-le-Grand,Sant-Meven
35299,35350,Saint-Méloir-des-Ondes,Sant-Melar-ar-Mor
35300,35500,Saint-M'Hervé,Sant-Merve
35302,35290,Saint-Onen-la-Chapelle,Santez-Onenn
35304,35140,Saint-Ouen-des-Alleux,Sant-Owen-an-Alloz
35305,35380,Saint-Péran,Sant-Pêran
35306,35430,Saint-Père-Marc-en-Poulet,Sant-Pêr-Poualed
35307,35190,Saint-Pern,Sant-Pern
35309,35560,Saint-Rémy-du-Plain,Sant-Revig-ar-Plaen
35310,35133,Saint-Sauveur-des-Landes,Kersalver-al-Lann
35311,35330,Saint-Séglin,Sant-Sewenn
35312,35580,Saint-Senoux,Sant-Senour
35314,35430,Saint-Suliac,Sant-Suliav
35315,35250,Saint-Sulpice-la-Forêt,Sant-Suleg-ar-C'hoad
35316,35390,Saint-Sulpice-des-Landes,Sant-Suleg-al-Lann
35317,35630,Saint-Symphorien,Sant-Sinforian
35318,35190,Saint-Thual,Sant-Tual
35319,35310,Saint-Thurial,Sant-Turiav-Porc'hoed
35320,35360,Saint-Uniac,Sant-Tewiniav
35321,35320,Saulnières,Saoner
35322,35320,Le Sel-de-Bretagne,Ar Sal
35324,35133,La Selle-en-Luitré,Kell-Loezherieg
35325,35130,La Selle-Guerchaise,Kell-Gwerc'h
35326,35490,Sens-de-Bretagne,Sen
35327,35530,Servon-sur-Vilaine,Servon
35328,35550,Sixt-sur-Aff,Seizh
35329,35610,Sougéal,Sulial
35330,35500,Taillis,Talieg
35331,35160,Talensac,Talenseg
35332,35620,Teillay,Tilheg
35333,35240,Le Theil-de-Bretagne,An Tilh
35334,35235,Thorigné-Fouillard,Torigneg-Fouilharzh
35335,35134,Thourie,Tourig
35336,35460,Le Tiercent,An Tergant
35337,35190,Tinténiac,Tintenieg
35338,35370,Torcé,Tourc'heg
35339,35610,Trans-la-Forêt,Treant-ar-C'hoad
35340,35380,Treffendel,Trevendel
35342,35270,Trémeheuc,Tremaeg
35343,35320,Tresboeuf,Trevo
35345,35190,Trévérien,Treverian
35346,35190,Trimer,Tremeur
35347,35450,Val-d'Izé,Nant-Izeg
35350,35680,Vergéal,Gwerial
35351,35160,Le Verger,Gwerzher
35352,35770,Vern-sur-Seiche,Gwern-ar-Sec'h
35353,35132,Vezin-le-Coquet,Gwezin
35354,35610,Vieux-Viel,Henwiel
35355,35490,Vieux-Vy-sur-Couesnon,Henwig-ar-C'houenon
35356,35630,Vignoc,Gwinieg
35357,35420,Villamée,Gwilavez
35358,35430,La Ville-ès-Nonais,Kerlean
35359,35130,Visseiche,Gwisec'h
35360,35500,Vitré,Gwitreg
35361,35960,Le Vivier-sur-Mer,Gwiver
35362,35540,Le Tronchet,Ar Granneg
35363,35131,Pont-Péan,Pont-Pagan
44001,44170,Abbaretz,Abarrez
44002,44140,Aigrefeuille-sur-Maine,Kelenneg-ar-Mewan
44006,44410,Assérac,Azereg
44007,44460,Avessac,Avezeg
44009,44115,Basse-Goulaine,Goueled-Goulen
44010,44740,Batz-sur-Mer,Bourc'h-Baz
44012,44760,La Bernerie-en-Retz,Kerverner-Raez
44013,44160,Besné,Gwennenid
44014,44140,Le Bignon,Bignon
44015,44130,Blain,Blaen
44016,44430,La Boissière-du-Doré,Beuzid-an-Doured
44018,44830,Bouaye,Bouez
44019,44260,Bouée,Bozeg
44020,44340,Bouguenais,Kervegon
44022,44190,Boussay,Beuzid-Klison
44023,44130,Bouvron,Bolvronn
44024,44830,Brains,Brenn
44025,44750,Campbon,Kambon
44026,44470,Carquefou,Kerc'hfaou
44027,44390,Casson,Kazon
44028,44850,Le Cellier,Keller
44030,44410,La Chapelle-des-Marais,Chapel-ar-Geunioù
44031,44670,La Chapelle-Glain,Chapel-Glenn
44032,44330,La Chapelle-Heulin,Chapel-Huelin
44033,44260,La Chapelle-Launay,Chapel-ar-Wern
44035,44240,La Chapelle-sur-Erdre,Chapel-Erzh
44036,44110,Châteaubriant,Kastell-Briant
44037,44690,Château-Thébaud,Kastell-Tepaod
44038,44320,Chauvé,Kalveg
44039,44640,Cheix-en-Retz,Keiz-Raez
44041,44118,La Chevrolière,Kerc'hevrel
44043,44190,Clisson,Klison
44044,44290,Conquereuil,Konkerel
44045,44360,Cordemais,Kordevez
44046,44560,Corsept,Korzed
44047,44220,Couëron,Koeron
44048,44521,Couffé,Koufeg
44049,44490,Le Croisic,Ar Groazig
44050,44160,Crossac,Kroazieg
44051,44590,Derval,Derwal
44052,44480,Donges,Donez
44053,44530,Drefféac,Devrieg
44054,44110,Erbray,Ervoreg
44055,44500,La Baule-Escoublac,Ar Baol-Skoulag
44056,44130,Fay-de-Bretagne,Faouell
44057,44460,Fégréac,Fegerieg
44058,44660,Fercé,Ferreg
44061,44320,Frossay,Frozieg
44062,44130,Le Gâvre,Ar C'havr
44063,44190,Gétigné,Yestinieg
44064,44190,Gorges,Gored
44065,44520,Le Grand-Auverné,Arwerneg-Veur
44066,44119,Grandchamps-des-Fontaines,Gregamp-ar-Feunteunioù
44067,44290,Guémené-Penfao,Gwenvenez-Penfaou
44068,44530,Guenrouet,Gwenred
44069,44350,Guérande,Gwenrann
44070,44690,La Haye-Fouassière,An Hae-Foazer
44071,44115,Haute-Goulaine,Gorre-Goulen
44072,44410,Herbignac,Erbigneg
44073,44810,Héric,Hierig
44074,44610,Indre,Antr
44075,44520,Issé,Izeg
44076,44170,Jans,Hentieg
44077,44440,Joué-sur-Erdre,Yaoued
44078,44670,Juigné-des-Moutiers,Yaoueneg-ar-Mousterioù
44079,44430,Le Landreau,Lannerell
44080,44260,Lavau-sur-Loire,Gwal-Liger
44081,44650,Legé,Levieg
44082,44850,Ligné,Legneg
44083,44310,La Limouzinière,Kerlouevig
44084,44430,Le Loroux-Bottereau,Lavreer-Botorel
44085,44110,Louisfert,Lufer
44086,44590,Lusanger,Luzevieg
44088,44690,Maisdon-sur-Sèvre,Maezon-ar-Gwini
44089,44260,Malville,Kerwall
44090,44270,La Marne,Maeron
44091,44170,Marsac-sur-Don,Marzheg
44092,44290,Massérac,Merzhereg
44094,44470,Mauves-sur-Loire,Malvid
44095,44520,La Meilleraye-de-Bretagne,Melereg-Breizh
44096,44522,Mésanger,Mezansker
44097,44420,Mesquer,Mesker
44098,44780,Missillac,Merzhelieg
44099,44520,Moisdon-la-Rivière,Maezon-ar-Stêr
44100,44690,Monnières,Meliner
44101,44620,La Montagne,Ar Menez
44102,44140,Montbert,Monteverzh
44103,44550,Montoir-de-Bretagne,Mouster-al-Loc'h
44104,44370,Montrelais,Mousterlez
44105,44590,Mouais,Lanvoe
44106,44580,Les Moutiers-en-Retz,Mousteroù-Raez
44107,44850,Mouzeil,Mouzel
44108,44330,Mouzillon,Maodilon
44109,44000,Nantes,Naoned
44110,44390,Nort-sur-Erdre,Enorzh
44111,44130,Notre-Dame-des-Landes,Kernitron-al-Lann
44112,44110,Noyal-sur-Brutz,Noal-ar-Bruz
44113,44170,Nozay,Nozieg
44114,44700,Orvault,Orvez
44115,44521,Oudon,Oudon
44116,44560,Paimboeuf,Pembo
44117,44330,Le Pallet,Ar Palez
44118,44440,Pannecé,Panezeg
44119,44270,Paulx,Palud
44120,44640,Le Pellerin,Pentelloù
44121,44670,Petit-Auverné,Arwerneg-Vihan
44122,44390,Petit-Mars,Kervarc'h
44123,44290,Pierric,Pierig
44124,44540,Le Pin,Ar Bineg
44125,44420,Piriac-sur-Mer,Penc'herieg
44126,44770,La Plaine-sur-Mer,Plaen-Raez
44127,44140,La Planche,Ar Plank
44128,44630,Plessé,Plesei
44129,44160,Pontchâteau,Pontkastell-Keren
44130,44860,Pont-Saint-Martin,Pont-Marzhin
44131,44210,Pornic,Pornizh
44132,44380,Pornichet,Pornizhan
44133,44710,Port-Saint-Père,Porzh-Pêr
44134,44522,Pouillé-les-Côteaux,Paolieg-ar-Rozioù
44135,44510,Le Pouliguen,Ar Poulgwenn
44136,44770,Préfailles,Pradvael
44137,44260,Prinquiau,Prevenkel
44138,44390,Puceul,Puñsel
44139,44750,Quilly,Killig
44140,44330,La Regrippière,Skouvlant
44141,44430,La Remaudière,Kerravaot
44142,44140,Remouillé,Ruvelieg
44143,44400,Rezé,Reudied
44144,44440,Riaillé,Rialeg
44145,44640,Rouans,Rodent
44146,44660,Rougé,Ruzieg
44148,44660,Ruffigné,Ruzinieg
44149,44390,Saffré,Saverieg
44150,44860,Saint-Aignan-Grandlieu,Sant-Enion-al-Lenn-Veur
44151,44117,Saint-André-des-Eaux,Sant-Andrev-an-Doureier
44152,44160,Sainte-Anne-sur-Brivet,Santez-Anna-ar-Brived
44153,44110,Saint-Aubin-des-Châteaux,Sant-Albin-ar-C'hestell
44154,44250,Saint-Brevin-les-Pins,Sant-Brewenn
44155,44310,Saint-Colomban,Sant-Koulman
44156,44650,Corcoué-sur-Logne,Kerc'haoueg
44157,44270,Saint-Etienne-de-Mer-Morte,Sant-Stefan-Melveurzh
44158,44360,Saint-Étienne-de-Montluc,Sant-Stefan-Brengoloù
44159,44690,Saint-Fiacre-sur-Maine,Sant-Fieg-ar-Mewan
44161,44530,Saint-Gildas-des-Bois,Gweltaz-Lambrizig
44162,44800,Saint-Herblain,Sant-Ervlan
44164,44680,Saint-Hilaire-de-Chaléons,Sant-Eler-Kaleon
44165,44190,Saint-Hilaire-de-Clisson,Sant-Eler-Neved
44166,44640,Saint-Jean-de-Boiseau,Sant-Yann-ar-Granneg
44168,44720,Saint-Joachim,Sant-Yoasin
44169,44450,Saint-Julien-de-Concelles,Sant-Juluan-Kankell
44170,44670,Saint-Julien-de-Vouvantes,Sant-Juluan-Gouwent
44171,44710,Saint-Léger-les-Vignes,Sant-Lezer-ar-Gwiniegi
44172,44980,Sainte-Luce-sur-Loire,Santez-Lusenn
44173,44190,Saint-Lumine-de-Clisson,Sant-Leven-Klison
44174,44310,Saint-Lumine-de-Coutais,Sant-Leven-Ar-C'hoad
44175,44410,Saint-Lyphard,Sant-Lefer
44176,44550,Saint-Malo-de-Guersac,Sant-Maloù-Gwersac'h
44178,44680,Saint-Mars-de-Coutais,Sant-Marzh-ar-C'hoad
44179,44850,Saint-Mars-du-Désert,Sant-Marzh-an-Dezerzh
44182,44730,Saint-Michel-Chef-Chef,Sant-Mikael-Keveger
44183,44350,Saint-Molf,Sant-Molf
44184,44600,Saint-Nazaire,Sant-Nazer
44185,44460,Saint-Nicolas-de-Redon,Sant-Nikolaz-an-Hent
44186,44680,Sainte-Pazanne,Santez-Pezhenn
44187,44320,Saint-Père-en-Retz,Sant-Pêr-Raez
44188,44310,Saint-Philbert-de-Grand-Lieu,Sant-Filberzh-Deaz
44189,44160,Sainte-Reine-de-Bretagne,Santez-Rouanez-Breizh
44190,44230,Saint-Sébastien-sur-Loire,Sant-Sebastian-an-Enk
44192,44320,Saint-Viaud,Sant-Widel-Skovrid
44193,44590,Saint-Vincent-des-Landes,Sant-Visant-al-Lann
44194,44880,Sautron,Saotron
44195,44260,Savenay,Savenneg
44196,44530,Sévérac,Severeg
44197,44590,Sion-les-Mines,Hezin-ar-Mengleuzioù
44198,44840,Les Sorinières,Kersoren
44199,44110,Soudan,Saoudan
44200,44660,Soulvache,Soulvac'h
44201,44240,Sucé-sur-Erdre,Sulieg
44202,44440,Teillé,Tilhieg
44203,44360,Le Temple-de-Bretagne,Templ-Breizh
44204,44470,Thouaré-sur-Loire,Tarvieg
44205,44390,Les Touches,An Dosenneg
44206,44650,Touvois,Tolvez
44207,44440,Trans-sur-Erdre,Treant-an-Erzh
44208,44170,Treffieux,Trefieg
44209,44119,Treillières,Trelier
44210,44570,Trignac,Trinieg
44211,44420,La Turballe,An Turball
44212,44330,Vallet,Gwaled
44214,44170,Vay,Gwez
44215,44120,Vertou,Gwerzhav
44216,44116,Vieillevigne,Henwinieg
44217,44360,Vigneux-de-Bretagne,Gwinieg-Breizh
44218,44110,Villepot,Kerbod
44220,44640,Vue,Gwagenez
44221,44810,La Chevallerais,Kergaval
44222,44522,La Roche-Blanche,Ar Roc'h-Wenn
44223,44140,Geneston,Banaleg-ar-Gevred
44224,44170,La Grigonnais,Kerrigon
56001,56350,Allaire,Alaer
56002,56190,Ambon,Ambon
56003,56610,Arradon,Aradon
56004,56190,Arzal,Arzhal
56005,56640,Arzon,Arzhon-Rewiz
56006,56800,Augan,Algam
56007,56400,Auray,An Alre
56008,56870,Baden,Baden
56009,56360,Bangor,Bangor
56010,56150,Baud,Baod
56011,56350,Béganne,Begaon
56012,56380,Beignon,Benion
56013,56550,Belz,Belz
56014,56240,Berné,Berne
56015,56230,Berric,Berrig
56017,56500,Bignan,Begnen
56018,56190,Billiers,Beler
56019,56420,Billio,Bilioù
56020,56140,Bohal,Bohal
56021,56700,Brandérion,Prederion
56022,56390,Brandivy,Brandevi
56023,56400,Brech,Brec'h
56024,56580,Bréhan,Brehant-Loudieg
56025,56430,Brignac,Brennieg
56026,56310,Bubry,Bubri
56027,56420,Buléon,Buelion
56028,56220,Caden,Kaden
56029,56240,Calan,Kalann
56030,56130,Camoël,Kamoel
56031,56330,Camors,Kamorzh
56032,56800,Campénéac,Kempenieg
56034,56340,Carnac,Karnag
56035,56140,Caro,Karozh
56036,56850,Caudan,Kaodan
56039,56500,La Chapelle-Neuve,Ar Chapel-Nevez (56)
56040,56620,Cléguer,Kleger
56041,56480,Cléguérec,Klegereg
56042,56390,Colpo,Kolpoù
56043,56430,Concoret,Konkored
56044,56200,Cournon,Kornon
56045,56230,Le Cours,Ar C'hour
56046,56950,Crach,Krac'h
56047,56580,Crédin,Kerzhin
56048,56540,Le Croisty,Ar C'hroesti
56049,56920,Croixanvec,Kroeshañveg
56050,56120,La Croix-Helléan,Ar Groez-Helean
56051,56420,Cruguel,Krugell
56052,56750,Damgan,Damgan
56053,56250,Elven,An Elven
56054,56410,Erdeven,An Ardeven
56055,56410,Etel,An Intel
56056,56490,Evriguet,Evriged
56057,56320,Le Faouët,Ar Faoued
56058,56130,Férel,Ferel
56060,56200,Les Fougerêts,Felgerieg-al-Lann
56062,56680,Gâvres,Gavr
56063,56530,Gestel,Yestael
56065,56800,Gourhel,Gourhael
56066,56110,Gourin,Gourin
56067,56390,Grand-Champ,Gregam
56068,56120,La Grée-Saint-Laurent,Ar C'hrav-Sant-Laorañs
56069,56590,Groix,Groe
56070,56120,Guégon,Gwegon
56071,56420,Guéhenno,Gwezhennoù
56072,56920,Gueltas,Gweltaz
56073,56160,Guémené-sur-Scorff,Ar Gemene
56074,56150,Guénin,Gwennin
56075,56380,Guer,Gwern-Porc'hoed
56076,56310,Guern,Gwern
56077,56190,Le Guerno,Ar Gwernoù
56078,56520,Guidel,Gwidel
56079,56800,Guillac,Gilieg
56080,56490,Guilliers,Gwiler-Porc'hoed
56081,56560,Guiscriff,Gwiskri
56082,56120,Helléan,Helean
56083,56700,Hennebont,Henbont
56084,56450,Le Hézo,Hezoù
56085,56170,Hoedic,Edig
56086,56170,Île-d'Houat,Houad
56087,56780,Île-aux-Moines,Enizenac'h
56088,56840,Île-d'Arz,An Arzh
56089,56240,Inguiniel,An Ignel
56090,56650,Inzinzac-Lochrist,Zinzag-Lokrist
56091,56120,Josselin,Josilin
56092,56920,Kerfourn,Kerforn
56093,56300,Kergrist,Kergrist
56094,56700,Kervignac,Kervignag
56096,56690,Landaul,Landaol
56097,56690,Landévant,Landevan
56098,56600,Lanester,Lannarstêr
56099,56160,Langoëlan,Lanwelan
56100,56630,Langonnet,Langoned
56101,56440,Languidic,Langedig
56103,56120,Lantillac,Lantilieg
56104,56240,Lanvaudan,Lanvodan
56105,56320,Lanvénégen,Lannejenn
56106,56870,Larmor-Baden,An Arvor-Baden
56107,56260,Larmor-plage,An Arvor
56108,56230,Larré,Lare
56109,56190,Lauzach,Laozag
56110,56160,Lignol,An Ignol
56111,56220,Limerzel,Lizmerzher
56112,56460,Lizio,Lizioù
56113,56160,Locmalo,Lokmac'hloù
56114,56360,Locmaria,Lokmaria-ar-Gerveur
56115,56390,Locmaria-Grand-Champ,Lokmaria-Gregam
56116,56740,Locmariaquer,Lokmaria-Kaer
56117,56500,Locminé,Logunec'h
56118,56570,Locmiquélic,Lokmikaelig
56119,56550,Locoal-Mendon,Lokoal-Mendon
56120,56390,Locqueltas,Lokeltaz
56121,56100,Lorient,An Oriant
56122,56800,Loyat,Louad
56123,56220,Malansac,Malañseg
56124,56140,Malestroit,Malastred
56125,56300,Malguénac,Malgeneg
56126,56130,Marzan,Marzen
56127,56430,Mauron,Maoron
56128,56310,Melrand,Mêlrant
56129,56490,Ménéac,Menieg
56130,56700,Merlevenez,Brelevenez
56131,56320,Meslan,Mêlann
56132,56890,Meucon,Meukon
56133,56140,Missiriac,Megerieg
56134,56490,Mohon,Mozhon
56135,56230,Molac,Moulleg
56136,56380,Monteneuf,Monteneg
56137,56250,Monterblanc,Sterwenn
56139,56800,Montertelot,Mousterdelav
56140,56500,Moréac,Mourieg
56141,56500,Moustoir-Ac,Moustoer-Logunec'h
56143,56190,Muzillac,Muzilheg
56145,56430,Néant-sur-Yvel,Neant
56146,56300,Neulliac,Neulieg
56147,56130,Nivillac,Nivilieg
56148,56690,Nostang,Lostenk
56149,56190,Noyal-Muzillac,Noal-Muzilheg
56151,56920,Noyal-Pontivy,Noal-Pondi
56152,56360,Le,PalaisPorzh-Lae
56153,56130,Péaule,Pleaol
56154,56220,Peillac,Paolieg
56155,56760,Pénestin,Pennestin
56156,56160,Persquen,Persken
56157,56420,Plaudren,Plaodren
56158,56890,Plescop,Pleskob
56159,56140,Pleucadeuc,Plegadeg
56160,56120,Pleugriffet,Ploueg-Grifed
56161,56400,Ploemel,Pleñver
56162,56270,Ploemeur,Plañvour
56163,56160,Ploërdut,Pleurdud
56164,56880,Ploeren,Ploveren
56166,56240,Plouay,Ploue
56167,56400,Plougoumelen,Plougouvelen
56168,56340,Plouharnel,Plouharnel
56169,56680,Plouhinec,Pleheneg
56170,56770,Plouray,Plourae
56171,56220,Pluherlin,Pluhernin
56172,56420,Plumelec,Pluveleg
56174,56500,Plumelin,Pluverin
56175,56400,Plumergat,Pluvergad
56176,56400,Pluneret,Plunered
56177,56330,Pluvigner,Pleuwigner
56178,56300,Pontivy,Pondi
56179,56620,Pont-Scorff,Pont-Skorf
56180,56380,Porcaro,Porzh-Karozh
56181,56290,Port-Louis,Porzh-Loeiz
56182,56320,Priziac,Prizieg
56184,56230,Questembert,Kistreberzh
56185,56530,Quéven,Kewenn
56186,56170,Quiberon,Kiberen
56188,56310,Quistinic,Kistinid
56189,56500,Radenac,Radeneg
56190,56500,Réguiny,Regini
56191,56140,Réminiac,Ruvenieg
56193,56670,Riantec,Rianteg
56194,56350,Rieux,Reoz
56195,56130,La Roche-Bernard,Ar Roc'h-Bernez
56196,56220,Rochefort-en-Terre,Roc'h-an-Argoed
56198,56580,Rohan,Roc'han
56199,56110,Roudouallec,Roudoualleg
56200,56140,Ruffiac,Rufieg
56201,56110,Le Saint,Ar Sent
56202,56140,Saint-Abraham,Sant-Abran
56203,56480,Saint-Aignan,Sant-Inan
56204,56500,Saint-Allouestre,Sant-Aleustr
56205,56450,Saint-Armel,Sant-Armael
56206,56890,Saint-Avé,Sant-Teve
56207,56150,Saint-Barthélemy,Bartelame
56208,56430,Saint-Brieuc-de-Mauron,Sant-Brieg-Maoron
56209,56480,Sainte-Brigitte,Berc'hed (56)
56210,56540,Saint-Caradec-Trégomel,Sant-Karadeg-Tregonvael
56211,56140,Saint-Congard,Sant-Kongar
56212,56130,Saint-Dolay,Sant-Aelwez
56213,56920,Saint-Gérand,Sant-Jelan
56214,56730,Saint-Gildas-de-Rhuys,Lokentaz
56215,56920,Saint-Gonnery,Sant-Goneri
56216,56350,Saint-Gorgon,Sant-Kogo
56218,56220,Saint-Gravé,Sant-Gravez
56219,56460,Saint-Guyomard,Sant-Gwioñvarc'h
56220,56700,Sainte-Hélène,Santez-Elen
56221,56220,Saint-Jacut-les-Pins,Sant-Yagu-ar-Bineg
56222,56660,Saint-Jean-Brévelay,Sant-Yann-Brevele
56223,56350,Saint-Jean-la-Poterie,Sant-Yann-ar-Wern
56224,56140,Saint-Laurent-sur-Oust,Sant-Laorañs-Graeneg
56225,56430,Saint-Léry,Sant-Leri
56226,56380,Saint-Malo-de-Beignon,Sant-Maloù-Benion
56227,56490,Saint-Malo-des-Trois-Fontaines,Sant-Maloù-an-Teir-Feunteun
56228,56140,Saint-Marcel,Sant-Marc'hell
56229,56200,Saint-Martin-sur-Oust,Sant-Varzhin-an-Oud
56230,56910,Saint-Nicolas-du-Tertre,Sant-Nikolaz-ar-Roz
56231,56250,Saint-Nolff,Sant-Nolf
56232,56350,Saint-Perreux,Sant-Pereg
56233,56470,Saint-Philibert,Sant-Filiberzh
56234,56510,Saint-Pierre-Quiberon,Sant-Pêr-Kiberen
56236,56120,Saint-Servant,Sant-Servant
56237,56300,Saint-Thuriau,Sant-Turiav
56238,56540,Saint-Tugdual,Sant-Tudal
56239,56350,Saint-Vincent-sur-Oust,Sant-Visant-an-Oud
56240,56370,Sarzeau,Sarzhav
56241,56360,Sauzon,Saozon
56242,56160,Séglien,Seglian
56243,56860,Séné,Sine
56244,56460,Sérent,Serent
56245,56480,Silfiac,Silieg
56246,56300,Le Sourn,Ar Sorn
56247,56250,Sulniac,Sulnieg
56248,56450,Surzur,Surzhur
56249,56800,Taupont,Talbont
56250,56130,Théhillac,Teieleg
56252,56370,Le Tour-du-Parc,Tro-Park
56253,56140,Tréal,Treal
56254,56250,Trédion,Tredion
56255,56250,Treffléan,Trevlean
56256,56430,Tréhorenteuc,Trec'horanteg
56257,56710,La Trinité-Porhoët,An Drinded-Porc'hoed
56258,56470,La Trinité-sur-Mer,An Drinded-Karnag
56259,56190,La Trinité-Surzur,An Drinded-Surzhur
56260,56000,Vannes,Gwened
56261,56250,La Vraie-Croix,Langroez
56262,56400,Le Bono,Ar Bonoù
56263,56400,Sainte-Anne-d'Auray,Santez-Anna-Wened
56264,56540,Kernascléden,Kernaskledenn
85021,85610,La Bernardière,Kervernarzh
85024,85710,Bois-de-Céné,Koad-Keneg
85029,85230,Bouin,Bonn
85039,85530,La Bruffière,Brufer
85076,85610,Cugand,Kugant
85102,85670,Grand'Landes,Lanveur-ar-Marzoù
85197,85260,Saint-André-Treize-Voies,Sant-Andrev-Trizek-Hent Kum. dileuriet - Cne déléguée
85210,85670,Saint-Etienne-du-Bois,Sant-Stefan-ar-C'hoad
22123,22100,Léhon,Lehon
22154,22400,Morieux,Morieg
22173,22400,Planguenoual,Plangonwal
22038,22170,Châtelaudren,Kastellaodren
22078,22450,Hengoat,Hengoad
22247,22450,Pommerit-Jaudy,Peurid-ar-Roc'h
22253,22450,Pouldouran,Pouldouran
29129,29690,Locmaria-Berrien,Lokmaria-Berrien
35303,35460,Saint-Ouen-la-Rouërie,Sant-Owen-Reoger
35341,35460,Tremblay,Kreneg
35100,35210,Dompierre-du-Chemin,Dompêr-an-Hent
35301,35360,Saint-M'Hervon,Lanvaelvon
35053,35680,Chancé,Kantieg
35269,35140,Saint-Georges-de-Chesné,Sant-Jord-Kadeneg
35293,35140,Saint-Marc-sur-Couesnon,Sant-Marzh-ar-C'houenon
35348,35140,Vendel,Gwennel
35011,35460,Baillé,Balieg
35147,35720,Lanhélin,Lanhelen
35344,35720,Tressé,Trese
44017,44540,Bonnoeuvre,Banvre
44093,44540,Maumusson,Malvegon
44191,44540,Saint-Sulpice-des-Landes,Sant-Suleg-al-Lanneier
44219,49440,Vritz,Gwerid
56059,56120,Les Forges,Ar Govelioù
56138,56800,Monterrein,Mousterrin
56016,56310,Bieuzy,Bizhui
